2004-12-24:3;27;29;4;37;6;5
2004-12-17:49;22;19;15;46;9;2
2004-11-26:24;1;34;4;36;8;6
2004-10-22:9;25;1;40;23;3;9
2004-01-10:48;20;45;21;12;6;5
2004-06-08:5;35;44;15;24;6;5
2004-06-18:28;2;40;23;43;6;2
2004-04-06:41;42;34;13;9;7;3
2004-05-21:37;39;29;15;49;4;9
2004-05-14:32;3;1;39;21;2;6
2004-09-04:23;19;10;1;4;2;8
2004-05-03:39;37;4;7;33;5;1
2004-02-13:32;16;29;41;36;9;7
2005-11-11:41;16;36;42;15;5;3
2005-10-14:10;19;11;23;20;6;1
2005-07-10:26;44;21;13;2;3;9
2005-09-30:11;50;48;6;47;1;6
2005-09-16:19;38;12;13;21;3;9
2005-07-29:50;3;19;49;26;5;4
2005-05-20:28;6;47;7;13;8;5
2005-04-22:13;10;24;47;3;9;5
2005-08-04:31;50;25;11;7;3;1
2005-02-18:32;46;20;21;26;8;9
2005-11-02:11;13;25;32;50;7;4
2005-01-14:11;14;29;6;19;3;1
2006-12-29:14;9;6;13;35;3;4
2006-12-22:20;11;43;9;38;2;3
2006-12-15:35;37;9;42;23;3;7
2006-08-12:47;36;17;16;18;1;2
2006-01-12:16;37;8;41;4;2;5
2006-11-24:8;5;40;25;17;5;1
2006-11-17:36;12;33;22;32;2;6
2006-10-11:36;30;14;27;21;2;3
2006-03-11:13;11;44;24;49;9;3
2006-10-27:3;50;44;4;8;8;7
2006-10-20:10;34;47;19;45;6;3
2006-10-13:2;32;38;41;25;5;3
2006-06-10:5;35;11;22;38;7;8
2006-09-29:1;3;24;6;18;5;8
2006-09-22:30;45;49;29;10;8;3
2006-09-15:10;49;26;6;16;7;9
2006-08-09:12;10;32;33;1;8;1
2006-01-09:25;50;7;45;3;9;6
2006-08-25:47;10;28;48;40;8;6
2006-08-18:37;40;50;12;39;1;2
2006-11-08:47;31;46;28;27;5;2
2006-04-08:26;15;32;14;1;7;3
2006-07-28:3;43;29;8;12;6;7
2006-07-21:50;4;38;2;9;8;6
2006-07-14:1;31;7;17;36;8;2
2006-07-07:35;9;7;43;18;7;5
2006-06-30:16;6;15;40;43;1;2
2006-06-23:44;30;9;21;43;9;1
2006-06-16:26;36;1;16;30;9;3
2006-09-06:3;34;39;15;12;4;6
2006-02-06:41;7;48;27;8;6;1
2006-05-26:21;41;12;2;49;3;7
2006-05-19:49;34;25;3;5;8;5
2006-12-05:23;5;20;34;50;1;5
2006-05-05:8;50;16;4;14;9;3
2006-04-28:17;5;33;22;10;7;5
2006-04-21:46;1;22;20;37;1;9
2006-04-14:34;35;26;16;49;6;2
2006-07-04:13;12;29;50;44;4;5
2006-03-31:50;3;45;20;31;7;6
2006-03-24:17;47;28;33;35;4;9
2006-03-17:50;44;5;45;32;7;1
2006-10-03:1;33;21;45;49;4;8
2006-03-03:5;44;10;8;3;3;5
2006-02-24:18;19;1;47;11;7;3
2006-02-17:4;23;38;24;26;4;2
2006-10-02:5;38;6;48;50;6;7
2006-03-02:30;39;9;21;50;3;1
2006-01-27:9;21;15;40;49;4;1
2007-12-28:45;31;20;22;21;9;7
2007-12-21:37;7;44;28;9;7;6
2007-12-14:8;30;36;25;44;4;3
2007-07-12:48;43;4;2;32;1;7
2007-11-30:38;20;12;19;30;9;7
2007-11-23:22;2;48;29;10;9;3
2007-11-16:23;18;33;37;9;1;8
2007-09-11:14;25;36;5;22;6;5
2007-02-11:40;16;3;19;18;2;1
2007-10-26:20;7;38;40;43;8;1
2007-10-19:7;18;34;35;40;7;8
2007-12-10:36;47;21;32;46;3;4
2007-05-10:20;27;35;44;11;5;2
2007-09-28:22;34;44;30;35;4;5
2007-09-21:35;37;17;1;32;8;1
2007-09-14:33;29;5;9;11;7;9
2007-07-09:42;3;34;2;33;5;3
2007-08-31:22;37;23;18;6;6;5
2007-08-24:16;3;42;1;48;2;3
2007-08-17:2;13;42;3;38;7;8
2007-10-08:40;43;49;42;23;6;2
2007-03-08:41;33;37;30;10;1;8
2007-07-27:4;29;21;1;41;8;7
2007-07-20:50;26;10;21;25;9;4
2007-07-13:13;9;31;15;48;6;3
2007-06-07:39;41;4;19;5;9;8
2007-06-29:28;8;33;45;12;1;3
2007-06-22:22;17;16;11;34;5;6
2007-06-15:5;14;40;7;21;3;8
2007-08-06:15;17;25;45;1;8;2
2007-01-06:22;41;42;37;6;6;9
2007-05-25:49;26;50;29;25;8;7
2007-05-18:49;37;34;26;39;2;6
2007-11-05:12;26;49;7;29;6;2
2007-04-05:17;41;35;6;45;1;5
2007-04-27:44;18;7;36;27;1;2
2007-04-20:41;26;32;45;23;3;7
2007-04-13:20;41;38;7;25;3;7
2007-06-04:41;48;29;23;15;6;3
2007-03-30:19;9;46;17;41;1;8
2007-03-23:43;17;5;40;13;3;1
2007-03-16:45;4;31;49;14;9;4
2007-09-03:43;25;3;2;48;9;6
2007-02-03:3;16;48;34;38;8;5
2007-02-23:20;2;22;18;15;5;2
2007-02-16:19;39;20;50;8;6;9
2007-09-02:36;16;46;30;14;8;2
2007-02-02:36;14;27;23;30;1;6
2007-01-26:38;11;23;15;30;4;9
2007-01-19:27;5;13;33;42;4;2
2007-12-01:14;8;25;19;11;3;5
2007-05-01:17;45;36;29;19;6;5
2008-12-26:44;26;2;1;50;1;7
2008-12-19:29;50;46;28;40;5;7
2008-12-12:2;19;42;28;49;7;2
2008-05-12:35;8;21;45;4;5;8
2008-11-28:8;25;11;41;16;4;2
2008-11-21:50;49;21;9;14;8;3
2008-11-14:14;26;10;8;21;4;3
2008-07-11:9;1;17;12;18;3;4
2008-10-31:34;25;3;41;18;5;2
2008-10-24:45;7;15;16;17;6;9
2008-10-17:50;12;10;3;42;1;5
2008-10-10:15;31;22;4;41;6;1
2008-03-10:4;38;13;19;23;2;3
2008-09-26:31;29;33;14;37;2;1
2008-09-19:14;16;19;31;20;9;6
2008-12-09:23;33;37;19;50;7;3
2008-05-09:17;12;39;16;7;3;8
2008-08-29:2;20;37;25;39;8;5
2008-08-22:50;27;29;39;7;7;5
2008-08-15:18;11;17;26;31;6;5
2008-08-08:15;5;16;45;4;7;4
2008-01-08:25;40;22;50;1;1;8
2008-07-25:29;7;15;24;11;7;2
2008-07-18:16;14;44;10;29;6;5
2008-11-07:37;19;11;13;9;3;4
2008-04-07:19;22;48;7;27;7;5
2008-06-27:20;44;5;50;26;5;7
2008-06-20:11;8;36;37;45;3;5
2008-06-13:16;37;44;50;13;9;1
2008-06-06:21;40;19;50;7;2;9
2008-05-30:14;20;49;7;5;8;2
2008-05-23:5;38;9;19;21;1;7
2008-05-16:6;38;9;25;15;4;9
2008-09-05:8;9;42;40;45;7;6
2008-02-05:26;48;45;37;2;8;4
2008-04-25:4;30;26;19;27;8;3
2008-04-18:27;6;7;50;3;5;9
2008-11-04:50;30;25;45;6;5;7
2008-04-04:18;37;47;13;11;6;1
2008-03-28:39;9;29;5;17;3;6
2008-03-21:10;2;22;18;36;6;4
2008-03-14:13;48;35;21;25;4;8
2008-07-03:14;17;7;35;2;6;1
2008-02-29:37;47;49;40;12;9;2
2008-02-22:46;50;4;27;32;8;9
2008-02-15:27;45;12;29;46;7;4
2008-08-02:17;38;28;44;30;1;4
2008-01-02:30;49;45;47;22;4;9
2008-01-25:2;19;9;45;6;7;8
2008-01-18:46;40;16;14;23;8;4
2008-11-01:24;36;50;8;49;4;8
2008-04-01:41;24;10;12;25;3;5
2009-12-25:4;17;5;34;14;5;3
2009-12-18:49;30;35;32;14;8;3
2009-11-12:41;43;44;46;20;2;9
2009-04-12:25;30;19;18;44;3;1
2009-11-27:33;15;13;5;8;8;9
2009-11-20:47;9;28;5;43;2;9
2009-11-13:15;25;32;26;13;4;3
2009-06-11:19;43;45;34;11;5;9
2009-10-30:35;9;33;38;40;6;2
2009-10-23:20;6;18;29;31;8;2
2009-10-16:23;30;31;47;12;3;4
2009-09-10:29;11;46;7;50;4;7
2009-02-10:44;29;24;23;22;5;1
2009-09-25:6;21;18;17;34;9;3
2009-09-18:30;16;41;38;6;2;4
2009-11-09:42;15;12;35;43;6;4
2009-04-09:20;39;6;9;38;9;3
2009-08-28:37;41;49;36;8;7;5
2009-08-21:16;42;31;7;4;5;3
2009-08-14:30;5;8;49;24;9;3
2009-07-08:22;10;31;24;20;7;2
2009-07-31:26;9;20;21;5;6;3
2009-07-24:15;47;35;25;14;9;5
2009-07-17:17;50;8;2;32;3;7
2009-10-07:42;20;6;16;46;1;6
2009-03-07:29;47;46;34;21;6;8
2009-06-26:21;6;11;39;30;8;2
2009-06-19:20;17;16;4;29;7;5
2009-12-06:50;14;6;16;34;6;4
2009-05-06:35;19;40;26;11;2;5
2009-05-29:30;47;2;37;5;6;3
2009-05-22:43;4;14;33;13;6;1
2009-05-15:19;8;42;18;20;5;9
2009-08-05:4;29;23;31;24;9;8
2009-01-05:38;47;31;19;5;3;5
2009-04-24:21;4;24;14;41;5;8
2009-04-17:7;4;21;44;47;1;5
2009-10-04:37;14;9;46;16;2;4
2009-03-04:46;24;32;20;2;1;9
2009-03-27:25;42;36;33;38;6;7
2009-03-20:31;12;35;23;16;4;6
2009-03-13:36;42;26;12;24;1;4
2009-06-03:13;35;25;17;19;5;6
2009-02-27:9;44;5;37;45;9;6
2009-02-20:13;48;9;12;14;1;2
2009-02-13:33;36;40;22;42;1;2
2009-06-02:36;30;20;40;10;3;5
2009-01-30:4;34;35;46;29;5;8
2009-01-23:36;49;33;40;32;2;8
2009-01-16:50;22;17;3;49;3;6
2009-09-01:22;7;15;28;48;4;1
2009-02-01:48;30;29;37;36;1;6
2010-12-31:2;24;43;38;34;1;7
2010-12-24:46;19;42;36;38;8;2
2010-12-17:3;35;29;42;20;3;8
2010-10-12:46;2;10;3;33;8;7
2010-03-12:28;32;46;8;19;4;7
2010-11-26:9;41;36;49;28;7;5
2010-11-19:36;12;15;45;32;9;7
2010-12-11:23;47;7;19;29;6;1
2010-05-11:21;23;33;50;40;5;4
2010-10-29:32;22;16;42;20;8;9
2010-10-22:39;5;11;9;4;3;5
2010-10-15:38;31;2;36;43;7;3
2010-08-10:46;35;39;30;9;6;8
2010-01-10:4;27;6;48;1;1;6
2010-09-24:1;16;48;4;40;1;9
2010-09-17:50;27;38;17;29;3;1
2010-10-09:35;41;21;45;17;5;1
2010-03-09:24;49;47;26;13;4;8
2010-08-27:13;6;30;1;49;1;9
2010-08-20:27;31;5;42;40;6;1
2010-08-13:15;9;47;21;4;7;2
2010-06-08:42;28;13;29;25;4;5
2010-07-30:39;11;3;4;28;8;2
2010-07-23:4;13;37;35;46;9;3
2010-07-16:49;46;45;39;38;7;8
2010-09-07:37;9;49;24;39;3;9
2010-02-07:46;41;36;13;12;8;1
2010-06-25:18;1;8;28;31;9;8
2010-06-18:2;29;31;38;32;4;1
2010-11-06:44;2;36;22;24;2;1
2010-04-06:34;42;17;40;4;9;4
2010-05-28:9;31;32;33;4;3;7
2010-05-21:38;19;50;7;30;4;7
2010-05-14:17;31;43;47;1;3;2
2010-07-05:15;21;6;3;32;7;9
2010-04-30:6;36;22;25;24;3;8
2010-04-23:46;3;7;8;43;6;8
2010-04-16:17;11;26;40;9;9;3
2010-09-04:44;23;24;21;7;3;4
2010-02-04:26;18;12;24;45;5;4
2010-03-26:18;37;8;16;43;2;6
2010-03-19:38;28;30;39;10;7;2
2010-12-03:46;1;26;36;33;7;6
2010-05-03:19;18;49;12;43;9;3
2010-02-26:42;11;29;7;18;7;6
2010-02-19:37;12;38;31;43;3;2
2010-12-02:5;45;1;38;18;6;4
2010-05-02:46;38;34;35;39;3;4
2010-01-29:39;43;30;17;9;7;5
2010-01-22:4;44;27;22;36;9;7
2010-01-15:49;50;26;29;11;4;7
2010-08-01:44;5;14;4;46;9;8
2010-01-01:22;24;27;36;9;7;5
2011-12-30:36;44;43;16;50;8;7
2011-12-27:26;21;25;19;44;7;3
2011-12-23:22;7;24;28;21;1;11
2011-12-20:14;48;1;9;12;7;1
2011-12-16:10;2;23;31;5;5;2
2011-12-13:12;37;18;33;7;1;11
2011-09-12:21;12;47;44;29;2;1
2011-06-12:34;21;20;38;19;9;3
2011-02-12:27;40;7;43;30;9;8
2011-11-29:25;50;11;45;41;7;2
2011-11-25:34;14;26;19;28;5;8
2011-11-22:16;40;38;24;18;2;4
2011-11-18:39;44;24;4;12;2;4
2011-11-15:47;17;22;6;45;3;11
2011-11-11:30;18;1;4;23;3;7
2011-08-11:40;15;4;29;1;1;5
2011-04-11:41;50;11;43;14;9;2
2011-01-11:20;45;23;14;46;1;11
2011-10-28:39;16;20;17;50;4;8
2011-10-25:39;28;22;12;27;4;10
2011-10-21:37;19;2;33;46;5;8
2011-10-18:46;18;37;48;23;2;10
2011-10-14:47;23;12;29;32;3;5
2011-11-10:12;16;4;1;48;9;10
2011-07-10:42;34;18;38;26;8;5
2011-04-10:14;16;23;45;38;8;11
2011-09-30:28;15;44;31;5;1;6
2011-09-27:28;18;40;27;35;3;5
2011-09-23:6;33;48;14;34;6;2
2011-09-20:25;38;19;9;36;11;7
2011-09-16:39;2;42;17;8;3;10
2011-09-13:28;32;49;9;30;9;10
2011-09-09:21;5;34;31;28;2;1
2011-06-09:42;35;50;48;47;9;8
2011-02-09:37;12;26;38;44;4;7
2011-08-30:46;8;2;10;19;5;9
2011-08-26:25;45;22;33;12;5;7
2011-08-23:42;50;6;14;4;2;4
2011-08-19:16;6;31;28;14;11;2
2011-08-16:45;18;1;13;17;8;3
2011-12-08:7;20;37;10;27;7;4
2011-09-08:36;24;34;7;23;11;8
2011-05-08:34;32;18;14;13;1;10
2011-02-08:8;33;14;24;5;8;3
2011-07-29:37;38;19;27;12;5;10
2011-07-26:5;1;25;48;22;11;3
2011-07-22:4;50;15;49;23;2;6
2011-07-19:16;3;25;35;26;5;9
2011-07-15:26;6;33;39;34;3;4
2011-12-07:19;17;42;45;38;9;10
2011-08-07:12;13;40;49;23;7;10
2011-05-07:28;47;29;11;49;5;1
2011-01-07:11;23;31;8;46;9;8
2011-06-28:16;15;44;30;50;3;2
2011-06-24:41;20;5;30;16;11;6
2011-06-21:49;50;20;17;35;4;3
2011-06-17:11;22;21;16;44;8;3
2011-06-14:41;19;48;5;12;8;10
2011-10-06:37;20;3;48;19;8;11
2011-07-06:25;38;40;6;36;10;4
2011-03-06:49;40;50;39;4;2;5
2011-05-31:22;9;10;50;1;11;5
2011-05-27:28;9;49;25;17;9;8
2011-05-24:16;23;24;29;26;2;9
2011-05-20:42;25;10;20;14;8;11
2011-05-17:37;20;21;45;46;3;2
2011-05-13:17;47;11;36;9;2;1
2011-10-05:28;3;45;10;15;7;5
2011-06-05:28;16;20;22;11;4;9
2011-04-29:38;40;25;15;41;1;2
2011-04-22:22;45;48;11;36;1;4
2011-04-15:4;41;6;21;39;2;6
2011-08-04:21;47;23;38;50;6;2
2011-01-04:17;33;22;21;4;4;8
2011-03-25:12;21;6;33;27;7;3
2011-03-18:50;13;26;1;20;7;6
2011-11-03:17;24;37;19;46;2;7
2011-04-03:28;41;25;11;27;8;5
2011-02-25:42;45;13;48;12;3;9
2011-02-18:45;3;49;15;2;9;5
2011-11-02:15;14;12;19;23;7;8
2011-04-02:47;35;11;2;24;5;9
2011-01-28:41;24;23;42;13;5;1
2011-01-21:21;11;13;3;18;5;4
2011-01-14:44;2;24;14;39;7;6
2011-07-01:32;22;1;48;50;7;6
2012-12-28:26;49;27;24;17;3;5
2012-12-25:14;20;32;23;18;3;10
2012-12-21:40;5;3;42;22;3;10
2012-12-18:35;14;44;18;20;5;2
2012-12-14:40;29;11;43;10;11;3
2012-11-12:50;4;9;1;43;6;8
2012-07-12:10;18;31;42;16;2;5
2012-04-12:29;5;28;44;10;2;4
2012-11-30:18;23;40;24;10;3;4
2012-11-27:49;44;6;10;23;7;1
2012-11-23:11;20;40;9;1;5;1
2012-11-20:42;28;45;30;49;10;5
2012-11-16:15;19;41;23;10;2;9
2012-11-13:11;16;21;24;29;2;6
2012-09-11:47;28;14;21;22;5;4
2012-06-11:35;25;20;41;7;1;9
2012-02-11:6;10;3;44;11;3;4
2012-10-30:23;44;25;24;31;2;3
2012-10-26:9;5;6;38;27;5;11
2012-10-23:1;35;38;50;28;2;10
2012-10-19:16;40;44;37;29;8;10
2012-10-16:41;10;40;49;32;2;8
2012-12-10:35;7;17;43;6;2;8
2012-09-10:23;8;10;25;2;8;9
2012-05-10:19;16;18;21;9;3;2
2012-02-10:16;42;21;36;4;8;7
2012-09-28:20;26;30;33;23;6;9
2012-09-25:7;25;27;48;49;1;4
2012-09-21:41;4;34;43;19;7;11
2012-09-18:38;7;39;44;6;7;9
2012-09-14:27;10;44;23;3;9;7
2012-11-09:15;6;37;22;44;2;4
2012-07-09:15;35;13;30;42;4;6
2012-04-09:18;39;17;44;11;10;5
2012-08-31:31;28;16;48;33;11;7
2012-08-28:1;26;25;44;18;5;4
2012-08-24:6;5;19;37;12;7;3
2012-08-21:17;5;38;4;48;4;3
2012-08-17:19;25;33;44;28;8;2
2012-08-14:45;16;42;1;38;9;10
2012-10-08:50;21;17;48;11;9;10
2012-07-08:20;50;34;46;27;3;2
2012-03-08:34;35;42;24;46;5;1
2012-07-31:35;39;4;36;29;9;8
2012-07-27:15;48;14;23;21;2;10
2012-07-24:18;25;4;16;44;11;1
2012-07-20:19;23;10;45;49;9;10
2012-07-17:24;2;43;7;46;10;8
2012-07-13:18;46;35;25;8;9;4
2012-10-07:37;1;24;16;3;8;1
2012-06-07:40;42;38;31;32;3;1
2012-03-07:22;7;2;40;27;6;3
2012-06-29:14;17;28;39;29;11;1
2012-06-26:11;22;35;20;1;10;8
2012-06-22:18;14;19;43;49;7;3
2012-06-19:17;20;50;7;35;5;11
2012-06-15:48;38;27;22;10;3;7
2012-12-06:30;26;48;15;8;9;10
2012-08-06:11;22;5;34;40;9;11
2012-05-06:13;49;37;47;34;8;9
2012-01-06:26;2;36;14;4;9;10
2012-05-29:28;17;25;15;8;3;11
2012-05-25:35;12;22;49;46;2;8
2012-05-22:31;32;41;16;37;7;1
2012-05-18:29;50;43;47;13;9;11
2012-05-15:13;2;50;11;26;5;2
2012-11-05:1;17;13;44;38;2;11
2012-08-05:3;34;48;38;21;5;8
2012-04-05:26;41;40;39;3;1;2
2012-01-05:4;15;41;5;19;11;9
2012-04-27:36;43;30;27;20;1;6
2012-04-24:8;24;48;43;9;3;5
2012-04-20:32;41;29;3;6;11;10
2012-04-17:10;28;49;48;33;10;1
2012-04-13:8;39;43;13;26;3;5
2012-10-04:37;27;22;25;36;9;5
2012-06-04:11;35;45;20;30;2;3
2012-03-04:1;8;18;25;30;10;9
2012-03-30:46;17;23;4;36;10;6
2012-03-27:29;36;27;34;24;7;8
2012-03-23:50;15;9;23;31;8;11
2012-03-20:28;30;15;16;46;3;4
2012-03-16:12;4;50;3;23;4;7
2012-03-13:47;1;25;10;43;8;9
2012-09-03:39;36;32;47;3;6;9
2012-06-03:23;47;27;37;24;6;2
2012-02-03:44;5;11;6;30;6;2
2012-02-28:10;48;1;17;33;2;3
2012-02-24:34;3;12;26;7;10;8
2012-02-21:11;24;14;25;29;11;7
2012-02-17:11;4;47;28;38;11;10
2012-02-14:36;14;42;46;27;11;8
2012-10-02:3;14;31;41;8;7;11
2012-07-02:15;3;17;33;28;2;4
2012-03-02:16;20;19;25;28;1;10
2012-01-31:43;34;38;9;45;4;2
2012-01-27:10;19;44;13;39;6;2
2012-01-24:1;20;6;2;36;11;8
2012-01-20:10;28;27;2;22;8;6
2012-01-17:12;44;22;30;31;5;6
2012-01-13:39;13;21;14;27;8;6
2012-10-01:9;4;30;10;40;9;2
2012-06-01:1;6;10;31;12;7;2
2012-03-01:42;30;45;3;49;5;10
2013-12-31:29;45;24;20;13;7;3
2013-12-27:1;22;6;13;28;10;5
2013-12-24:5;31;43;50;19;6;2
2013-12-20:13;22;17;43;12;10;3
2013-12-17:41;6;8;37;27;7;10
2013-12-13:24;22;23;1;31;6;11
2013-10-12:49;50;24;6;35;7;1
2013-06-12:18;31;36;2;1;7;10
2013-03-12:32;6;29;15;13;2;9
2013-11-29:10;23;7;2;43;4;7
2013-11-26:44;27;23;42;19;5;3
2013-11-22:40;26;13;25;50;8;9
2013-11-19:45;14;19;36;15;1;10
2013-11-15:13;42;3;15;29;4;1
2013-12-11:29;48;40;37;14;11;2
2013-08-11:35;20;42;43;28;8;10
2013-05-11:35;38;12;13;6;2;3
2013-01-11:19;33;29;30;7;3;8
2013-10-29:32;9;10;30;37;6;2
2013-10-25:2;31;38;3;10;6;10
2013-10-22:39;33;29;44;41;9;11
2013-10-18:25;36;47;46;5;2;6
2013-10-15:39;18;27;43;47;7;4
2013-11-10:6;17;23;12;43;5;9
2013-08-10:23;24;33;42;26;5;3
2013-04-10:50;35;6;24;20;5;10
2013-01-10:19;44;48;25;23;9;8
2013-09-27:11;15;38;41;43;2;6
2013-09-24:10;20;26;28;43;9;11
2013-09-20:5;11;35;38;45;2;3
2013-09-17:13;17;21;42;44;9;11
2013-09-13:14;27;6;4;33;10;5
2013-10-09:7;11;14;28;30;2;10
2013-06-09:11;23;25;32;37;4;7
2013-03-09:5;18;16;42;9;7;9
2013-08-30:2;17;25;36;45;5;9
2013-08-27:7;30;38;40;43;2;6
2013-08-23:30;37;26;6;1;8;5
2013-08-20:42;11;50;49;5;8;11
2013-08-16:20;24;27;37;39;5;10
2013-08-13:5;20;47;17;50;1;4
2013-09-08:24;4;23;7;9;9;8
2013-06-08:17;47;16;49;31;3;11
2013-02-08:21;36;37;42;48;4;7
2013-07-30:3;14;4;11;43;1;6
2013-07-26:12;23;29;38;49;3;4
2013-07-23:14;15;16;19;44;4;5
2013-07-19:24;35;13;26;16;5;2
2013-07-16:50;34;47;19;23;4;6
2013-12-07:26;42;33;18;32;3;2
2013-09-07:18;16;38;49;31;10;4
2013-05-07:28;4;33;12;15;1;10
2013-02-07:14;13;11;28;30;4;5
2013-06-28:15;1;47;28;35;7;1
2013-06-25:4;13;35;27;5;2;1
2013-06-21:30;11;36;45;10;1;2
2013-06-18:24;33;17;41;44;11;1
2013-06-14:41;25;48;10;47;6;10
2013-11-06:7;9;25;5;41;5;1
2013-07-06:14;26;45;50;7;2;7
2013-04-06:34;33;40;31;37;6;1
2013-05-31:29;43;28;34;27;10;5
2013-05-28:34;38;13;8;26;3;11
2013-05-24:22;17;40;7;27;2;3
2013-05-21:29;19;8;28;7;9;5
2013-05-17:25;24;50;6;20;9;10
2013-05-14:24;7;8;36;27;11;5
2013-10-05:1;32;35;45;48;4;11
2013-07-05:43;27;13;28;42;4;6
2013-03-05:5;49;34;3;40;2;3
2013-04-30:13;50;40;43;36;9;5
2013-04-26:40;38;16;24;11;2;5
2013-04-23:50;4;1;7;10;4;11
2013-04-19:1;46;8;42;48;4;7
2013-04-16:33;50;22;1;11;4;6
2013-12-04:28;45;15;5;10;3;9
2013-09-04:15;44;48;38;35;10;5
2013-05-04:32;1;17;39;11;7;2
2013-02-04:17;12;41;29;25;1;4
2013-03-29:44;30;46;43;13;9;5
2013-03-26:44;30;26;42;4;6;11
2013-03-22:27;32;12;34;49;9;8
2013-03-19:44;32;19;37;35;9;1
2013-03-15:24;14;39;4;21;10;3
2013-12-03:50;4;10;2;22;5;8
2013-08-03:20;42;23;28;3;8;11
2013-05-03:33;31;19;8;39;7;2
2013-01-03:1;11;36;29;42;4;5
2013-02-26:3;12;13;17;30;2;6
2013-02-22:15;37;36;16;28;2;11
2013-02-19:28;30;44;12;15;9;8
2013-02-15:2;4;42;28;22;4;9
2013-12-02:28;25;5;11;16;7;9
2013-08-02:14;44;11;34;9;11;10
2013-05-02:25;6;45;40;31;6;7
2013-01-02:37;5;34;38;21;1;6
2013-01-29:9;16;26;36;39;2;6
2013-01-25:3;10;37;18;31;2;4
2013-01-22:45;10;48;1;44;4;1
2013-01-18:39;26;27;30;4;10;3
2013-01-15:47;42;22;40;38;11;1
2013-11-01:37;22;29;4;41;7;4
2013-08-01:22;26;47;2;20;9;5
2013-04-01:4;10;27;22;41;10;8
2013-01-01:36;49;2;7;8;11;1
2014-12-30:6;18;39;50;44;11;8
2014-12-26:26;45;27;49;17;2;3
2014-12-23:49;25;9;19;8;10;2
2014-12-19:39;44;23;29;31;5;8
2014-12-16:13;7;3;25;12;5;8
2014-12-12:28;2;15;31;37;4;6
2014-09-12:31;1;3;42;46;11;4
2014-05-12:5;8;48;47;37;3;2
2014-02-12:15;25;3;49;44;9;1
2014-11-28:10;23;6;41;15;10;4
2014-11-25:32;7;36;3;25;1;6
2014-11-21:28;32;7;37;4;5;10
2014-11-18:3;2;36;38;17;11;4
2014-11-14:36;32;38;48;17;8;5
2014-11-11:46;14;36;2;21;11;7
2014-07-11:32;13;38;46;25;10;1
2014-04-11:1;13;6;26;17;3;5
2014-10-31:10;41;13;20;33;9;3
2014-10-28:45;17;40;10;15;1;2
2014-10-24:42;20;3;30;9;6;1
2014-10-21:40;33;27;20;21;3;10
2014-10-17:49;13;48;1;40;8;10
2014-10-14:15;23;32;4;5;7;3
2014-10-10:29;42;47;45;6;9;10
2014-07-10:38;30;21;9;28;8;1
2014-03-10:13;23;50;48;4;10;5
2014-09-30:33;13;15;3;42;5;7
2014-09-26:46;35;47;13;27;1;2
2014-09-23:13;35;14;29;12;1;7
2014-09-19:6;34;8;38;48;9;3
2014-09-16:4;30;35;50;29;4;2
2014-12-09:31;9;33;26;13;7;11
2014-09-09:15;35;19;8;24;10;8
2014-05-09:18;50;23;46;1;9;3
2014-02-09:39;45;25;31;5;8;1
2014-08-29:32;38;26;9;2;3;6
2014-08-26:36;48;45;10;22;11;4
2014-08-22:29;17;49;35;4;1;2
2014-08-19:11;34;47;4;7;7;8
2014-08-15:4;21;30;5;23;10;8
2014-12-08:22;19;7;16;33;5;2
2014-08-08:29;21;35;46;43;1;9
2014-05-08:5;21;42;7;19;11;5
2014-01-08:50;44;46;48;24;10;5
2014-07-29:40;23;35;10;43;9;3
2014-07-25:10;24;9;12;43;5;9
2014-07-22:1;43;50;45;24;5;8
2014-07-18:1;41;43;11;29;3;11
2014-07-15:18;27;15;34;20;1;3
2014-11-07:38;35;5;49;22;7;4
2014-08-07:24;18;22;8;27;11;4
2014-04-07:47;18;43;39;4;6;2
2014-01-07:39;25;18;22;27;5;10
2014-06-27:39;34;45;33;31;2;10
2014-06-24:20;1;7;21;48;4;7
2014-06-20:5;38;49;15;25;1;2
2014-06-17:48;13;37;40;11;8;9
2014-06-13:16;22;28;46;18;11;9
2014-10-06:12;18;21;33;32;1;11
2014-06-06:34;40;25;7;49;9;11
2014-03-06:2;39;32;15;44;5;10
2014-05-30:27;41;24;45;5;7;6
2014-05-27:16;13;26;25;7;1;6
2014-05-23:31;3;47;8;34;11;9
2014-05-20:38;5;36;33;47;4;9
2014-05-16:26;23;37;29;40;4;3
2014-05-13:47;34;13;30;4;6;2
2014-09-05:45;28;3;26;21;10;7
2014-06-05:37;5;19;31;24;9;1
2014-02-05:30;42;4;31;38;11;2
2014-04-29:35;26;18;23;44;3;11
2014-04-25:13;49;44;21;24;9;1
2014-04-22:20;46;15;24;13;8;1
2014-04-18:21;47;31;39;24;3;7
2014-04-15:14;50;47;26;3;7;11
2014-11-04:8;33;30;12;19;4;11
2014-08-04:42;11;29;18;49;11;4
2014-04-04:50;45;28;6;10;10;11
2014-01-04:44;38;18;16;26;10;8
2014-03-28:3;43;19;28;4;3;7
2014-03-25:28;50;26;7;20;8;2
2014-03-21:37;7;39;30;42;7;5
2014-03-18:27;36;34;8;39;5;10
2014-03-14:30;24;6;27;25;9;5
2014-11-03:1;4;44;33;23;8;7
2014-07-03:38;10;40;5;41;1;8
2014-04-03:3;22;5;27;44;6;1
2014-02-28:38;44;32;12;43;2;7
2014-02-25:42;21;25;28;35;6;4
2014-02-21:28;13;17;30;32;5;7
2014-02-18:36;37;26;23;49;6;7
2014-02-14:19;39;4;2;6;2;7
2014-11-02:47;25;8;17;41;1;2
2014-07-02:17;19;47;3;46;9;10
2014-04-02:37;1;33;21;38;8;4
2014-01-31:10;15;31;8;16;8;9
2014-01-28:18;23;48;20;42;2;9
2014-01-24:19;41;35;34;5;1;5
2014-01-21:4;42;35;48;12;5;8
2014-01-17:26;19;33;42;32;10;4
2014-01-14:25;18;20;26;37;11;10
2014-10-01:1;27;2;11;29;10;1
2014-07-01:2;45;20;27;33;6;10
2014-03-01:3;44;27;38;31;3;8
2015-12-29:5;36;32;31;20;6;7
2015-12-25:10;27;40;3;25;9;3
2015-12-22:19;41;18;40;20;7;10
2015-12-18:22;6;26;29;48;5;6
2015-12-15:11;27;35;8;23;4;11
2015-11-12:43;5;21;3;40;11;6
2015-08-12:48;29;12;38;17;9;11
2015-04-12:17;27;18;39;8;7;1
2015-01-12:35;15;45;25;2;10;8
2015-11-27:50;16;30;37;29;6;8
2015-11-24:26;14;17;9;16;10;11
2015-11-20:34;49;30;46;4;8;7
2015-11-17:6;37;23;38;7;11;10
2015-11-13:33;10;18;40;17;8;2
2015-10-11:43;39;13;6;18;2;8
2015-06-11:26;40;38;17;3;4;10
2015-03-11:39;27;49;8;46;2;6
2015-10-30:8;13;17;21;34;6;7
2015-10-27:11;20;25;36;12;9;6
2015-10-23:25;7;32;39;30;2;8
2015-10-20:21;19;30;45;17;8;10
2015-10-16:28;43;7;48;29;3;10
2015-10-13:26;15;12;47;29;11;3
2015-09-10:43;42;47;40;1;9;11
2015-06-10:22;32;29;11;20;1;8
2015-02-10:21;35;7;32;18;11;2
2015-09-29:14;49;26;11;29;3;9
2015-09-25:14;37;30;13;23;8;2
2015-09-22:27;14;23;29;26;7;10
2015-09-18:39;34;33;7;29;8;7
2015-09-15:44;8;15;17;49;5;8
2015-11-09:19;50;10;29;18;9;1
2015-08-09:42;14;40;39;16;1;4
2015-04-09:27;8;45;9;50;8;10
2015-01-09:6;27;45;19;21;8;1
2015-08-28:11;34;30;29;31;4;7
2015-08-25:31;33;50;27;42;5;2
2015-08-21:47;4;16;18;43;10;6
2015-08-18:7;10;19;12;11;2;9
2015-08-14:45;4;44;7;39;3;5
2015-11-08:2;16;3;15;8;4;11
2015-07-08:1;5;21;44;39;4;11
2015-04-08:50;15;39;10;45;10;9
2015-07-31:34;21;16;50;40;6;9
2015-07-28:36;23;49;43;32;8;7
2015-07-24:21;46;2;9;35;2;11
2015-07-21:14;29;44;27;20;10;7
2015-07-17:21;48;22;1;43;9;7
2015-07-14:34;18;36;19;6;1;8
2015-10-07:35;8;15;5;41;5;4
2015-07-07:7;41;33;18;6;10;3
2015-03-07:11;18;44;15;12;3;9
2015-06-30:11;28;15;34;37;1;8
2015-06-26:10;19;6;3;24;5;7
2015-06-23:16;38;4;22;49;6;9
2015-06-19:7;14;20;31;42;9;3
2015-06-16:15;10;36;16;37;3;9
2015-12-06:11;10;37;5;8;9;7
2015-09-06:5;34;17;9;32;8;6
2015-05-06:8;7;2;48;45;9;1
2015-02-06:23;7;41;29;37;1;8
2015-05-29:3;4;20;45;48;6;8
2015-05-26:6;24;7;21;5;6;5
2015-05-22:18;44;35;24;45;5;11
2015-05-19:35;37;31;26;30;11;8
2015-05-15:47;42;44;5;35;9;8
2015-12-05:29;30;14;46;40;3;6
2015-08-05:14;19;49;7;47;10;3
2015-05-05:1;17;10;42;20;9;8
2015-01-05:19;26;20;25;3;6;10
2015-04-28:36;24;28;26;45;10;7
2015-04-24:31;5;40;29;19;3;10
2015-04-21:14;42;17;6;45;8;1
2015-04-17:39;2;34;24;30;11;8
2015-04-14:49;34;32;24;35;2;1
2015-10-04:25;43;22;23;30;5;9
2015-07-04:39;25;50;44;18;8;5
2015-03-04:39;37;49;29;27;4;2
2015-03-31:8;28;20;24;49;8;9
2015-03-27:30;39;32;44;2;10;6
2015-03-24:40;10;39;24;26;3;10
2015-03-20:3;14;42;48;37;1;10
2015-03-17:11;23;44;38;26;8;1
2015-03-13:4;5;22;18;23;3;1
2015-10-03:31;30;2;6;23;10;2
2015-06-03:47;30;49;50;23;7;2
2015-03-03:6;21;13;8;11;8;7
2015-02-27:17;25;14;5;47;10;9
2015-02-24:3;28;25;34;50;1;11
2015-02-20:37;46;10;4;14;4;7
2015-02-17:5;2;18;43;30;10;1
2015-02-13:24;12;39;44;42;3;11
2015-10-02:30;45;20;13;17;9;10
2015-06-02:50;30;10;26;39;8;7
2015-03-02:50;44;17;31;33;11;7
2015-01-30:9;24;15;13;19;3;8
2015-01-27:10;33;5;31;40;10;8
2015-01-23:30;45;29;38;6;8;1
2015-01-20:33;47;15;41;44;10;8
2015-01-16:34;32;29;30;46;6;3
2015-01-13:34;31;21;8;17;10;9
2015-09-01:6;32;45;21;24;1;11
2015-06-01:20;38;30;14;49;4;3
2015-02-01:24;25;49;28;22;3;6
2016-12-30:8;10;22;29;47;1;3
2016-12-27:32;22;39;25;3;7;12
2016-12-23:46;39;16;20;4;2;5
2016-12-20:15;27;13;21;17;2;3
2016-12-16:45;10;6;30;41;4;11
2016-12-13:28;50;48;29;14;2;8
2016-09-12:6;40;37;28;12;1;5
2016-06-12:27;1;7;11;45;4;9
2016-02-12:6;11;23;31;32;2;12
2016-11-29:38;27;21;28;26;9;11
2016-11-25:28;23;5;11;17;10;11
2016-11-22:47;10;5;33;34;10;2
2016-11-18:3;12;27;32;47;6;8
2016-11-15:42;7;15;36;48;3;7
2016-11-11:38;49;3;22;23;2;9
2016-08-11:5;9;47;49;50;8;9
2016-04-11:7;11;12;48;44;3;7
2016-01-11:6;10;20;29;37;1;9
2016-10-28:23;43;10;19;16;2;8
2016-10-25:28;15;21;3;20;1;5
2016-10-21:48;9;23;20;44;8;10
2016-10-18:2;25;17;21;27;6;9
2016-10-14:31;34;19;7;13;1;11
2016-11-10:12;37;20;24;5;4;11
2016-07-10:12;30;27;20;2;11;9
2016-04-10:4;38;7;14;34;4;11
2016-09-30:35;44;17;37;43;2;10
2016-09-27:6;9;13;39;41;2;12
2016-09-23:14;39;42;49;16;3;9
2016-09-20:45;41;4;1;10;9;6
2016-09-16:32;5;22;8;14;2;11
2016-09-13:44;16;4;7;35;1;3
2016-09-09:28;4;11;17;15;1;3
2016-06-09:45;12;34;24;30;7;10
2016-02-09:50;40;16;32;8;2;11
2016-08-30:29;42;13;16;35;6;8
2016-08-26:48;9;30;28;1;7;8
2016-08-23:2;31;45;37;23;4;8
2016-08-19:22;6;5;25;34;5;7
2016-08-16:34;37;46;26;2;4;8
2016-12-08:15;50;36;2;28;2;11
2016-09-08:19;43;44;12;45;5;10
2016-05-08:19;16;24;37;35;2;7
2016-02-08:27;46;38;2;8;2;6
2016-07-29:40;26;50;1;21;2;4
2016-07-26:13;49;10;45;3;2;11
2016-07-22:26;45;24;7;37;5;9
2016-07-19:24;37;19;28;36;3;6
2016-07-15:2;11;14;13;21;1;8
2016-12-07:26;3;41;33;7;2;10
2016-08-07:12;18;8;44;33;8;4
2016-05-07:38;29;10;48;1;3;4
2016-01-07:11;50;13;40;2;1;10
2016-06-28:43;37;32;26;49;4;5
2016-06-24:11;19;39;28;27;3;10
2016-06-21:32;35;17;49;5;1;5
2016-06-17:43;1;18;27;7;4;8
2016-06-14:13;50;42;39;34;9;11
2016-10-06:21;35;42;14;43;7;9
2016-07-06:26;49;19;45;35;2;5
2016-03-06:7;31;39;23;33;6;10
2016-05-31:6;30;26;48;12;6;7
2016-05-27:46;27;13;43;25;4;8
2016-05-24:37;17;34;16;23;6;9
2016-05-20:41;9;30;14;45;4;9
2016-05-17:32;27;39;36;15;3;10
2016-05-13:31;28;42;15;7;10;11
2016-10-05:40;2;26;27;49;5;10
2016-06-05:45;48;40;34;32;1;10
2016-03-05:23;34;8;24;38;3;7
2016-04-29:4;25;28;5;43;6;11
2016-04-26:10;42;17;32;31;2;5
2016-04-22:32;43;26;34;17;2;10
2016-04-19:27;14;44;15;11;2;7
2016-04-15:13;32;37;14;48;1;7
2016-12-04:9;1;5;22;38;2;10
2016-08-04:43;8;49;6;26;6;10
2016-05-04:3;19;40;9;5;2;5
2016-01-04:23;25;2;49;16;6;9
2016-03-29:4;25;19;36;1;3;11
2016-03-25:43;36;12;42;19;5;8
2016-03-22:15;49;12;26;42;5;8
2016-03-18:14;49;21;19;24;5;11
2016-03-15:7;10;5;44;34;2;10
2016-11-03:26;43;1;21;40;6;9
2016-08-03:9;14;23;8;1;1;7
2016-04-03:9;23;40;16;14;1;5
2016-01-03:37;7;28;13;4;10;11
2016-02-26:13;50;5;33;15;9;11
2016-02-23:42;32;23;25;37;1;11
2016-02-19:32;13;14;39;30;3;9
2016-02-16:3;22;50;10;37;6;10
2016-12-02:31;49;28;20;3;2;5
2016-09-02:9;6;13;28;37;4;5
2016-05-02:46;32;27;3;41;4;8
2016-02-02:36;21;10;6;9;2;6
2016-01-29:29;32;23;1;5;1;7
2016-01-26:15;40;24;48;38;2;9
2016-01-22:27;10;30;47;12;8;9
2016-01-19:2;30;38;43;46;7;2
2016-01-15:43;38;19;10;46;1;11
2016-12-01:2;10;30;44;1;1;8
2016-08-01:35;33;26;40;5;3;8
2016-05-01:36;10;6;39;31;6;10
2016-01-01:44;37;38;39;4;4;7
2017-12-29:4;8;22;23;48;1;12
2017-12-26:4;17;30;43;44;2;10
2017-12-22:5;24;30;31;43;3;6
2017-12-19:8;15;30;38;46;4;7
2017-12-15:25;30;31;42;50;2;11
2017-12-12:39;20;37;50;44;4;8
2017-08-12:4;22;30;32;34;3;4
2017-05-12:48;11;44;43;36;2;7
2017-01-12:5;46;29;35;24;11;12
2017-11-28:42;1;12;6;18;2;7
2017-11-24:19;24;28;30;50;3;10
2017-11-21:31;28;10;2;14;7;5
2017-11-17:35;36;26;42;20;5;12
2017-11-14:16;40;39;41;14;8;10
2017-10-11:37;36;29;22;13;1;9
2017-07-11:37;19;41;20;7;12;2
2017-03-11:41;5;33;17;12;4;9
2017-10-31:46;12;43;36;1;3;5
2017-10-27:39;23;16;32;3;1;4
2017-10-24:27;9;33;13;11;7;10
2017-10-20:4;27;23;30;17;3;8
2017-10-17:19;26;17;13;36;2;3
2017-10-13:23;37;50;29;45;5;11
2017-10-10:36;4;37;21;34;3;6
2017-06-10:1;9;15;19;25;1;7
2017-03-10:32;6;50;24;48;1;5
2017-09-29:18;32;7;48;19;3;7
2017-09-26:40;29;1;48;41;6;12
2017-09-22:6;11;31;39;42;1;3
2017-09-19:45;21;1;8;30;2;3
2017-09-15:44;49;13;18;37;9;12
2017-12-09:35;17;29;10;27;4;11
2017-08-09:9;24;42;47;49;1;5
2017-05-09:28;18;29;6;9;9;1
2017-01-09:3;7;8;14;49;5;8
2017-08-29:4;12;32;15;38;1;5
2017-08-25:15;7;1;47;5;9;12
2017-08-22:10;12;17;3;27;3;5
2017-08-18:39;42;24;45;2;2;8
2017-08-15:10;14;30;35;46;4;10
2017-11-08:18;28;39;46;48;5;12
2017-08-08:26;15;40;25;41;4;5
2017-04-08:29;30;41;40;36;9;2
2017-01-08:29;24;21;30;14;8;10
2017-07-28:41;9;31;5;29;2;4
2017-07-25:14;44;43;48;12;2;11
2017-07-21:8;1;26;49;9;5;9
2017-07-18:41;27;1;45;25;5;7
2017-07-14:21;14;20;47;11;10;7
2017-11-07:50;26;42;22;14;8;10
2017-07-07:11;20;35;37;45;3;6
2017-04-07:22;25;10;37;49;8;5
2017-06-30:35;50;39;17;47;6;8
2017-06-27:45;17;21;9;28;1;3
2017-06-23:4;31;21;3;38;3;7
2017-06-20:44;43;11;18;26;8;10
2017-06-16:38;42;15;17;41;9;12
2017-06-13:12;3;22;27;49;4;11
2017-09-06:9;39;27;20;43;10;11
2017-06-06:25;40;20;22;37;3;7
2017-02-06:8;42;33;24;10;3;9
2017-05-30:27;48;38;12;7;6;9
2017-05-26:5;7;26;36;39;2;10
2017-05-23:15;8;42;25;27;1;4
2017-05-19:30;12;9;19;11;4;9
2017-05-16:20;8;30;11;15;3;8
2017-12-05:2;20;28;29;44;3;9
2017-09-05:26;22;16;12;8;6;7
2017-05-05:7;43;30;3;35;1;3
2017-02-05:27;25;19;6;23;11;12
2017-04-28:14;20;25;30;39;2;8
2017-04-25:11;9;32;19;43;3;9
2017-04-21:2;13;22;49;16;4;5
2017-04-18:22;17;45;38;31;5;12
2017-04-14:33;20;4;14;23;6;10
2017-11-04:5;21;22;31;49;2;8
2017-07-04:2;10;19;35;50;6;7
2017-04-04:24;33;9;1;34;2;6
2017-03-31:17;24;26;28;45;4;12
2017-03-28:9;13;31;33;46;6;10
2017-03-24:2;21;17;27;34;5;9
2017-03-21:47;23;20;44;1;4;11
2017-03-17:19;29;36;6;10;3;9
2017-03-14:21;5;44;36;3;3;6
2017-10-03:38;49;31;47;36;8;11
2017-07-03:6;37;50;41;48;4;5
2017-03-03:47;2;11;29;30;1;12
2017-02-28:35;31;10;42;20;2;12
2017-02-24:13;2;43;22;4;8;9
2017-02-21:19;41;49;13;45;3;4
2017-02-17:19;25;33;36;48;2;9
2017-02-14:44;40;24;2;10;3;10
2017-10-02:43;26;7;35;21;2;9
2017-07-02:44;38;4;31;10;8;10
2017-03-02:3;4;15;46;50;5;9
2017-01-31:4;17;44;23;3;6;9
2017-01-27:17;20;28;45;48;5;9
2017-01-24:5;1;23;17;7;3;8
2017-01-20:17;10;27;49;31;3;5
2017-01-17:43;4;25;16;47;2;10
2017-01-13:3;7;16;26;50;4;7
2017-10-01:44;29;35;11;2;4;9
2017-06-01:10;14;18;21;49;9;11
2017-03-01:34;27;49;23;19;1;11
2018-12-28:13;16;34;35;45;10;12
2018-12-25:4;5;8;31;43;2;9
2018-12-21:2;12;15;34;50;3;4
2018-12-18:1;9;18;39;48;5;7
2018-12-14:12;29;38;42;44;2;12
2018-11-12:4;7;13;23;42;1;3
2018-07-12:11;17;26;37;48;1;10
2018-04-12:21;19;45;20;42;8;9
2018-11-30:3;10;12;23;26;1;12
2018-11-27:4;16;17;18;32;2;11
2018-11-23:25;30;5;26;8;3;10
2018-11-20:6;19;39;45;48;7;12
2018-11-16:9;10;13;28;41;1;12
2018-11-13:2;7;10;13;42;3;6
2018-09-11:14;17;32;37;49;11;12
2018-06-11:14;24;36;40;43;2;9
2018-02-11:5;15;17;37;44;7;11
2018-10-30:44;27;23;17;43;1;12
2018-10-26:5;18;21;31;35;6;9
2018-10-23:1;2;5;21;32;2;12
2018-10-19:1;3;29;47;48;3;12
2018-10-16:15;28;37;40;42;1;6
2018-12-10:4;9;12;31;43;5;8
2018-09-10:3;12;36;44;45;8;11
2018-05-10:8;16;24;26;35;3;11
2018-02-10:7;17;29;37;45;3;11
2018-09-28:2;4;8;27;50;2;9
2018-09-25:6;15;20;30;38;4;7
2018-09-21:5;7;21;25;37;3;4
2018-09-18:3;8;10;32;45;4;12
2018-09-14:1;3;33;40;45;3;4
2018-11-09:9;18;32;38;46;2;3
2018-07-09:50;31;27;4;23;1;8
2018-04-09:5;14;28;30;47;4;11
2018-08-31:4;30;31;38;42;4;6
2018-08-28:4;16;32;42;46;8;12
2018-08-24:3;14;31;36;50;1;12
2018-08-21:16;23;42;43;49;10;12
2018-08-17:2;15;18;24;43;8;12
2018-08-14:1;15;18;25;31;9;11
2018-10-08:18;20;36;43;44;3;9
2018-07-08:16;28;29;30;36;8;10
2018-03-08:7;26;36;38;43;6;12
2018-07-31:20;25;34;42;45;6;11
2018-07-27:11;17;22;23;41;6;11
2018-07-24:2;4;23;39;40;3;9
2018-07-20:2;15;40;43;46;3;6
2018-07-17:4;6;27;48;50;1;11
2018-07-13:1;4;14;21;49;2;12
2018-10-07:3;8;26;33;45;7;10
2018-06-07:8;30;33;38;48;2;10
2018-03-07:1;12;15;29;48;3;5
2018-06-29:15;21;23;40;48;3;12
2018-06-26:15;16;20;34;50;4;7
2018-06-22:14;25;39;41;44;2;8
2018-06-19:7;19;26;42;50;4;9
2018-06-15:23;26;33;38;49;1;12
2018-12-06:7;21;23;36;38;6;8
2018-08-06:8;19;32;43;46;2;8
2018-05-06:9;15;22;39;46;4;5
2018-01-06:17;18;24;29;40;4;5
2018-05-29:6;11;20;38;43;2;4
2018-05-25:13;15;16;28;41;4;5
2018-05-22:1;11;37;41;48;8;12
2018-05-18:5;8;10;13;31;3;6
2018-05-15:4;16;20;31;39;2;12
2018-11-05:3;22;34;49;50;8;11
2018-08-05:17;25;35;39;44;2;5
2018-04-05:6;12;23;39;45;9;12
2018-01-05:6;15;17;42;48;4;6
2018-04-27:12;24;40;41;46;5;12
2018-04-24:20;23;28;30;44;3;7
2018-04-20:3;16;25;39;44;7;11
2018-04-17:15;27;33;39;50;4;6
2018-04-13:5;25;34;48;50;6;7
2018-10-04:14;27;39;46;48;11;12
2018-06-04:1;29;33;45;47;4;8
2018-03-04:3;8;16;40;43;5;8
2018-03-30:12;17;28;35;47;7;11
2018-03-27:17;20;23;40;46;9;10
2018-03-23:5;7;11;46;50;8;11
2018-03-20:26;29;37;39;44;9;11
2018-03-16:4;17;24;27;31;10;11
2018-03-13:9;11;13;33;49;6;12
2018-09-03:9;14;21;32;44;1;12
2018-06-03:15;20;26;31;44;2;9
2018-02-03:2;7;34;45;48;1;12
2018-02-27:3;31;41;48;50;8;11
2018-02-23:18;17;28;47;10;3;7
2018-02-20:6;14;19;25;29;5;11
2018-02-16:10;12;23;32;50;4;10
2018-02-13:10;13;17;21;44;1;10
2018-09-02:22;31;36;38;44;1;11
2018-06-02:8;17;28;34;38;6;12
2018-02-02:14;34;36;39;48;2;3
2018-01-30:11;15;21;27;35;4;5
2018-01-26:6;15;24;28;48;4;9
2018-01-23:5;8;9;23;24;7;8
2018-01-19:3;8;17;44;50;2;7
2018-01-16:20;23;31;34;46;3;12
2018-12-01:13;21;23;30;45;4;6
2018-09-01:6;12;15;38;49;2;9
2018-05-01:2;5;20;38;41;4;8
2018-02-01:10;20;21;28;48;1;8
2019-12-31:26;31;33;41;48;2;4
2019-12-27:1;7;22;26;35;5;10
2019-12-24:3;11;13;14;47;3;6
2019-12-20:8;24;30;32;34;3;4
2019-12-17:1;7;12;25;49;6;9
2019-12-13:9;16;18;23;32;2;10
2019-10-12:2;10;19;21;47;2;8
2019-06-12:1;3;27;39;46;1;10
2019-03-12:18;31;32;38;48;4;12
2019-11-29:3;7;12;42;50;6;8
2019-11-26:2;3;15;19;34;5;8
2019-11-22:3;21;32;34;48;3;11
2019-11-19:8;10;15;30;42;4;6
2019-11-15:3;13;20;32;34;4;11
2019-12-11:1;21;23;25;39;2;4
2019-08-11:8;17;20;23;45;2;8
2019-05-11:9;14;25;33;48;2;12
2019-01-11:2;20;39;44;48;5;7
2019-10-29:16;18;28;42;49;5;10
2019-10-25:34;37;39;40;50;4;10
2019-10-22:2;5;32;33;47;7;8
2019-10-18:8;18;22;41;42;11;12
2019-10-15:3;28;31;32;34;4;5
2019-11-10:2;14;19;42;45;5;6
2019-08-10:7;10;15;44;49;3;12
2019-04-10:6;9;35;41;44;6;9
2019-01-10:2;11;18;40;46;1;4
2019-09-27:24;37;41;43;46;2;8
2019-09-24:2;33;42;47;48;1;2
2019-09-20:8;21;25;38;50;4;8
2019-09-17:22;45;43;44;37;1;12
2019-09-13:1;12;27;42;47;6;7
2019-10-09:3;22;25;30;49;3;6
2019-06-09:10;13;22;40;48;2;5
2019-03-09:7;11;38;39;44;7;10
2019-08-30:25;27;45;46;49;4;6
2019-08-27:8;26;35;43;47;1;9
2019-08-23:4;17;35;42;45;2;8
2019-08-20:20;22;23;24;37;1;4
2019-08-16:9;10;27;37;42;1;5
2019-08-13:13;29;31;33;40;2;3
2019-09-08:2;14;35;41;42;10;11
2019-06-08:12;13;29;36;38;4;12
2019-02-08:13;22;33;44;50;2;5
2019-07-30:15;20;23;27;40;3;6
2019-07-26:2;5;27;37;42;3;10
2019-07-23:1;14;19;23;38;3;7
2019-07-19:13;14;17;26;28;2;7
2019-07-16:5;13;18;39;3;8;7
2019-12-07:2;31;39;45;47;4;8
2019-09-07:7;29;32;36;41;6;7
2019-05-07:2;9;20;34;42;6;9
2019-02-07:19;44;11;29;45;12;8
2019-06-28:1;3;16;33;49;2;11
2019-06-25:6;26;27;34;46;1;9
2019-06-21:5;8;9;25;39;3;7
2019-06-18:12;24;37;40;44;3;7
2019-06-14:1;13;30;31;39;2;7
2019-11-06:25;27;39;42;46;11;12
2019-07-06:1;4;16;20;34;2;5
2019-04-06:31;32;9;39;41;8;2
2019-05-31:1;23;24;26;35;1;11
2019-05-28:7;19;20;28;29;1;5
2019-05-24:5;16;23;30;49;6;7
2019-05-21:32;33;34;39;47;8;12
2019-05-17:16;28;42;43;45;6;7
2019-05-14:10;14;17;25;50;2;10
2019-10-05:1;4;27;45;48;1;7
2019-07-05:7;20;26;32;47;2;11
2019-03-05:2;9;20;27;43;5;6
2019-04-30:5;12;20;26;48;2;11
2019-04-26:33;35;50;47;14;11;9
2019-04-23:18;23;27;42;44;2;7
2019-04-19:7;8;32;41;49;5;11
2019-04-16:1;8;15;44;49;2;11
2019-12-04:1;28;35;36;46;6;9
2019-09-04:18;21;29;38;41;1;11
2019-05-04:7;45;10;1;29;5;3
2019-02-04:9;26;16;2;36;6;7
2019-03-29:13;23;26;32;47;6;10
2019-03-26:12;19;23;43;47;2;6
2019-03-22:4;17;26;30;43;6;11
2019-03-19:1;6;9;34;47;7;12
2019-03-15:46;24;42;15;3;12;9
2019-12-03:5;7;13;19;31;2;9
2019-08-03:17;18;19;24;40;4;8
2019-05-03:6;10;16;39;46;8;11
2019-01-03:6;9;19;26;31;11;12
2019-02-26:3;15;29;35;47;3;4
2019-02-22:3;27;29;33;50;3;7
2019-02-19:1;8;18;19;39;7;9
2019-02-15:15;27;34;38;49;2;10
2019-12-02:6;34;36;41;50;1;5
2019-08-02:11;12;13;39;46;7;10
2019-05-02:14;25;31;37;43;2;3
2019-01-02:3;21;26;41;46;1;6
2019-01-29:14;24;26;32;39;3;8
2019-01-25:1;6;13;15;16;6;10
2019-01-22:9;23;29;41;49;8;10
2019-01-18:5;6;16;30;46;5;10
2019-01-15:33;22;35;25;29;3;6
2019-11-01:1;19;31;39;48;1;6
2019-08-01:3;19;22;31;32;2;11
2019-04-01:7;11;19;27;37;6;10
2019-01-01:1;8;11;25;28;4;6
2020-12-29:7;32;39;40;45;3;8
2020-12-25:16;21;27;30;32;3;5
2020-12-22:2;10;16;42;50;4;11
2020-12-18:2;3;13;17;21;7;8
2020-12-15:9;13;21;29;35;1;2
2020-11-12:6;9;13;24;41;3;12
2020-08-12:1;4;21;24;46;2;12
2020-04-12:14;20;27;34;38;1;11
2020-01-12:14;20;29;47;49;4;12
2020-11-27:2;5;8;14;16;8;9
2020-11-24:25;33;38;42;50;8;12
2020-11-20:28;29;39;48;50;5;7
2020-11-17:16;19;25;30;44;2;6
2020-11-13:1;5;17;28;31;1;10
2020-10-11:3;19;29;32;38;5;12
2020-06-11:7;12;37;40;50;1;2
2020-03-11:5;7;18;20;30;6;7
2020-10-30:12;16;20;21;28;3;9
2020-10-27:13;15;28;32;44;3;12
2020-10-23:10;15;19;21;23;3;12
2020-10-20:5;6;15;37;42;3;4
2020-10-16:15;33;38;40;50;3;6
2020-10-13:5;14;38;41;46;1;10
2020-09-10:11;15;35;41;50;5;8
2020-06-10:4;21;36;41;47;9;11
2020-02-10:6;12;15;40;45;3;9
2020-09-29:4;14;16;41;44;11;12
2020-09-25:19;23;34;37;45;1;7
2020-09-22:16;25;28;39;40;1;6
2020-09-18:2;10;19;25;45;1;7
2020-09-15:16;20;25;30;38;6;8
2020-11-09:34;38;42;43;45;9;12
2020-08-09:2;9;31;35;41;9;12
2020-04-09:6;22;29;40;43;4;7
2020-01-09:4;8;10;33;46;8;11
2020-08-28:7;12;16;17;31;7;9
2020-08-25:18;37;39;30;7;10;8
2020-08-21:10;15;35;44;50;3;5
2020-08-18:6;12;17;34;42;5;12
2020-08-14:9;10;19;42;49;4;12
2020-11-08:8;13;14;42;50;3;9
2020-07-08:5;20;21;36;41;6;11
2020-04-08:42;2;5;1;15;8;5
2020-07-31:21;24;30;46;49;2;5
2020-07-28:9;13;15;17;34;2;7
2020-07-24:8;9;27;28;50;4;12
2020-07-21:14;15;24;29;42;2;4
2020-07-17:7;15;27;41;43;7;9
2020-07-14:11;22;30;37;47;9;10
2020-10-07:15;17;23;30;38;2;7
2020-07-07:12;16;23;33;41;8;10
2020-03-07:4;16;27;37;39;3;6
2020-06-30:1;6;11;28;42;2;10
2020-06-26:1;10;12;21;26;5;11
2020-06-23:19;46;49;12;2;8;1
2020-06-19:5;14;19;24;43;3;11
2020-06-16:4;9;11;17;39;2;10
2020-12-06:2;24;39;45;46;4;8
2020-09-06:5;15;27;36;46;2;8
2020-05-06:5;11;17;24;37;3;6
2020-02-06:10;12;22;26;49;7;11
2020-05-29:4;8;11;19;46;4;8
2020-05-26:4;9;14;21;27;4;6
2020-05-22:3;18;22;27;32;2;7
2020-05-19:5;25;32;37;43;6;7
2020-05-15:11;23;32;34;39;1;6
2020-12-05:9;16;29;37;39;4;11
2020-08-05:8;25;32;33;38;7;9
2020-05-05:2;10;22;27;41;2;3
2020-01-05:47;20;19;45;38;2;6
2020-04-28:15;23;26;28;32;1;5
2020-04-24:1;5;19;21;28;4;7
2020-04-21:10;11;14;23;28;6;8
2020-04-17:16;28;32;37;45;1;11
2020-04-14:6;29;34;35;40;4;11
2020-10-04:3;10;17;33;39;1;4
2020-07-04:4;5;14;33;48;7;12
2020-03-04:16;19;34;46;50;2;6
2020-03-31:12;17;24;30;36;1;9
2020-03-27:11;14;27;41;46;2;3
2020-03-24:7;12;26;30;33;10;11
2020-03-20:40;9;20;34;3;6;12
2020-03-17:5;7;8;16;20;2;12
2020-03-13:3;11;21;27;36;9;10
2020-10-03:11;23;30;37;43;5;12
2020-06-03:15;38;43;45;46;1;11
2020-03-03:4;14;27;44;45;1;10
2020-02-28:8;11;20;22;23;3;4
2020-02-25:1;4;18;27;42;4;6
2020-02-21:7;23;30;32;45;5;9
2020-02-18:11;32;34;38;47;2;10
2020-02-14:5;20;35;41;49;6;10
2020-11-02:24;26;32;43;46;6;10
2020-07-02:9;15;17;25;40;3;9
2020-04-02:21;23;33;35;47;6;7
2020-01-31:13;18;20;23;30;2;4
2020-01-28:1;19;27;31;38;4;5
2020-01-24:3;4;6;9;24;5;8
2020-01-21:10;11;24;36;46;3;5
2020-01-17:8;19;20;29;44;3;8
2020-01-14:21;25;29;39;44;8;9
2020-10-01:6;17;32;44;46;2;6
2020-07-01:5;8;12;37;43;6;11
2020-03-01:5;15;20;36;47;8;12
2021-02-02:18;20;35;38;48;9;12
2021-01-29:1;5;27;36;42;1;6
2021-01-26:5;7;25;37;40;2;8
2021-01-22:8;16;42;44;47;6;7
2021-01-19:25;27;31;35;43;5;6
2021-01-15:4;10;27;38;40;3;11
2021-12-01:2;10;18;34;35;6;9
2021-08-01:18;23;37;41;42;4;6
2021-05-01:12;34;37;38;42;1;3
2021-01-01:16;28;32;44;48;1;9
